Name;Größe;Vorname;Nachname;Downloads;Datum;Pfad
ballistic_fragment.c;3249;Alexander;Hartmann;30;"20.12.2022 19:45";ballistic_fragment.c
chain.c;10118;Alexander;Hartmann;5;"09.02.2023 22:32";chain.c
exponential.c;2380;Alexander;Hartmann;5;"22.01.2023 15:37";exponential.c
factorial.c;2056;Alexander;Hartmann;5;"22.01.2023 15:30";factorial.c
fibonacci.c;1031;Alexander;Hartmann;5;"22.01.2023 15:31";fibonacci.c
gdbtest.c;1193;Alexander;Hartmann;8;"08.12.2022 12:56";gdbtest.c
linear_congruential.c;2207;Alexander;Hartmann;6;"22.01.2023 15:35";linear_congruential.c
list_fragment.c;6025;Alexander;Hartmann;5;"22.01.2023 15:32";list_fragment.c
list_main.c;962;Alexander;Hartmann;6;"22.01.2023 15:33";list_main.c
list.h;874;Alexander;Hartmann;5;"22.01.2023 15:33";list.h
memerror1.c;1081;Alexander;Hartmann;9;"08.12.2022 12:57";memerror1.c
memerror2.c;1066;Alexander;Hartmann;9;"08.12.2022 12:57";memerror2.c
mergesort.c;2527;Alexander;Hartmann;5;"22.01.2023 15:30";mergesort.c
particles.c;623;Alexander;Hartmann;11;"08.12.2022 12:55";particles.c
queens.c;3933;Alexander;Hartmann;5;"22.01.2023 15:31";queens.c
reject.c;2590;Alexander;Hartmann;5;"22.01.2023 15:37";reject.c
tree_small.c;5320;Alexander;Hartmann;6;"22.01.2023 15:34";tree_small.c
